metric,value
total_loss_pct,5.819542072334281e-05
avg_loss,5.826422591398878
default_rate,0.0001
